{"cameraMode":{"drawMode":0,"name":"Shaded","section":"Shading Mode"},"sceneLighting":true,"audioPlay":false,"sceneViewState":{"showFog":true,"showMaterialUpdate":false,"showSkybox":true,"showFlares":true,"showImageEffects":true,"showParticleSystems":true},"in2DMode":false,"pivot":{"x":0.9149999618530273,"y":-0.3059999942779541,"z":-1.2312818765640259},"rotation":{"x":-0.24125373363494874,"y":0.4573240876197815,"z":-0.1304214745759964,"w":-0.8459570407867432},"size":4.199816703796387,"orthographic":false}